x1, y1, z1, x2, y2, z2, Metrology_Out
0, 0.006, 0, 0.014, 0.006, 0, 8.1536364875666e-05
0, 0.006, 0.001, 0.014, 0.006, 0.001, 0.0126788731378326
0, 0.006, 0.002, 0.014, 0.006, 0.002, 0.0125999998767945
0, 0.006, 0.003, 0.014, 0.006, 0.003, 0.0125999998767945
0, 0.006, 0.004, 0.014, 0.006, 0.004, 0.012629326769897
0, 0.006, 0.005, 0.014, 0.006, 0.005, 0.0125999998767945
0, 0.006, 0.006, 0.014, 0.006, 0.006, 0.0126177057965875
0, 0.006, 0.007, 0.014, 0.006, 0.007, 0.0125999998767945
0, 0.006, 0.008, 0.014, 0.006, 0.008, 0.0126005302844951
0, 0.006, 0.009000000000000001, 0.014, 0.006, 0.009000000000000001, 0.0126576406552493
0, 0.006, 0.010000000000000002, 0.014, 0.006, 0.010000000000000002, 0.000107066496557132
0, 0.006, 0.011000000000000003, 0.014, 0.006, 0.011000000000000003, 0
0, 0.006, 0.012000000000000004, 0.014, 0.006, 0.012000000000000004, 0
0, 0.006, 0.013000000000000005, 0.014, 0.006, 0.013000000000000005, 0
0, 0.006, 0.014000000000000005, 0.014, 0.006, 0.014000000000000005, 0
0, 0.006, 0.015000000000000006, 0.014, 0.006, 0.015000000000000006, 0
0, 0.006, 0.016000000000000007, 0.014, 0.006, 0.016000000000000007, 0.0126171007997632
0, 0.006, 0.017000000000000008, 0.014, 0.006, 0.017000000000000008, 0.0125999998767945
0, 0.006, 0.01800000000000001, 0.014, 0.006, 0.01800000000000001, 0.0124863422186136
0, 0.006, 0.01900000000000001, 0.014, 0.006, 0.01900000000000001, 0.0125999998767945
0, 0.006, 0.02000000000000001, 0.014, 0.006, 0.02000000000000001, 0.0125999998767945
0, 0.006, 0.02100000000000001, 0.014, 0.006, 0.02100000000000001, 0.0126065589126574
0, 0.006, 0.022000000000000013, 0.014, 0.006, 0.022000000000000013, 0.0125999998767945
0, 0.006, 0.023000000000000013, 0.014, 0.006, 0.023000000000000013, 0.0125999998767945
0, 0.006, 0.024000000000000014, 0.014, 0.006, 0.024000000000000014, 0.0126393361479939
0, 0.006, 0.025000000000000015, 0.014, 0.006, 0.025000000000000015, 8.36747727556864e-05
0, 0.006, 0.026000000000000016, 0.014, 0.006, 0.026000000000000016, 0
0, 0.006, 0.027000000000000017, 0.014, 0.006, 0.027000000000000017, 0
0, 0.006, 0.028000000000000018, 0.014, 0.006, 0.028000000000000018, 0
0, 0.006, 0.02900000000000002, 0.014, 0.006, 0.02900000000000002, 0
0, 0.006, 0.03000000000000002, 0.014, 0.006, 0.03000000000000002, 3.30911320192436e-05
0, 0.006, 0.03100000000000002, 0.014, 0.006, 0.03100000000000002, 0.012514397302091
0, 0.006, 0.03200000000000002, 0.014, 0.006, 0.03200000000000002, 0.012486704674455
0, 0.006, 0.03300000000000002, 0.014, 0.006, 0.03300000000000002, 0.0123990857938477
0, 0.006, 0.03400000000000002, 0.014, 0.006, 0.03400000000000002, 0.0126041749150169
0, 0.006, 0.035000000000000024, 0.014, 0.006, 0.035000000000000024, 0.0124366625225395
0, 0.006, 0.036000000000000025, 0.014, 0.006, 0.036000000000000025, 0.0124515260015316
0, 0.006, 0.037000000000000026, 0.014, 0.006, 0.037000000000000026, 0.0125999998767945
0, 0.006, 0.03800000000000003, 0.014, 0.006, 0.03800000000000003, 0.0124405238395403
0, 0.006, 0.03900000000000003, 0.014, 0.006, 0.03900000000000003, 0.0126203294741881
0, 0.007, 0, 0.014, 0.007, 0, 0.0126391407624801
0, 0.007, 0.001, 0.014, 0.007, 0.001, 0.0125823224029454
0, 0.007, 0.002, 0.014, 0.007, 0.002, 0.0125134731916874
0, 0.007, 0.003, 0.014, 0.007, 0.003, 0.0125000696032851
0, 0.007, 0.004, 0.014, 0.007, 0.004, 0.0125815928599819
0, 0.007, 0.005, 0.014, 0.007, 0.005, 0.0125055800407198
0, 0.007, 0.006, 0.014, 0.007, 0.006, 0.0125999998767945
0, 0.007, 0.007, 0.014, 0.007, 0.007, 0.0125999998767945
0, 0.007, 0.008, 0.014, 0.007, 0.008, 0.012299999879728
0, 0.007, 0.009000000000000001, 0.014, 0.007, 0.009000000000000001, 0.0125882766744422
0, 0.007, 0.010000000000000002, 0.014, 0.007, 0.010000000000000002, 0.0126169202513117
0, 0.007, 0.011000000000000003, 0.014, 0.007, 0.011000000000000003, 0
0, 0.007, 0.012000000000000004, 0.014, 0.007, 0.012000000000000004, 0
0, 0.007, 0.013000000000000005, 0.014, 0.007, 0.013000000000000005, 0
0, 0.007, 0.014000000000000005, 0.014, 0.007, 0.014000000000000005, 0
0, 0.007, 0.015000000000000006, 0.014, 0.007, 0.015000000000000006, 0.0124639500476086
0, 0.007, 0.016000000000000007, 0.014, 0.007, 0.016000000000000007, 0.0125999998767945
0, 0.007, 0.017000000000000008, 0.014, 0.007, 0.017000000000000008, 0.0124999968796587
0, 0.007, 0.01800000000000001, 0.014, 0.007, 0.01800000000000001, 0.0125130353300107
0, 0.007, 0.01900000000000001, 0.014, 0.007, 0.01900000000000001, 0.0124976738542164
0, 0.007, 0.02000000000000001, 0.014, 0.007, 0.02000000000000001, 0.0125115869729196
0, 0.007, 0.02100000000000001, 0.014, 0.007, 0.02100000000000001, 0.0125294450309592
0, 0.007, 0.022000000000000013, 0.014, 0.007, 0.022000000000000013, 0.0125999998767945
0, 0.007, 0.023000000000000013, 0.014, 0.007, 0.023000000000000013, 0.0124666686984794
0, 0.007, 0.024000000000000014, 0.014, 0.007, 0.024000000000000014, 0.0124780109913926
0, 0.007, 0.025000000000000015, 0.014, 0.007, 0.025000000000000015, 0.000294600923246082
0, 0.007, 0.026000000000000016, 0.014, 0.007, 0.026000000000000016, 0
0, 0.007, 0.027000000000000017, 0.014, 0.007, 0.027000000000000017, 0
0, 0.007, 0.028000000000000018, 0.014, 0.007, 0.028000000000000018, 0
0, 0.007, 0.02900000000000002, 0.014, 0.007, 0.02900000000000002, 0
0, 0.007, 0.03000000000000002, 0.014, 0.007, 0.03000000000000002, 0.0124670449408749
0, 0.007, 0.03100000000000002, 0.014, 0.007, 0.03100000000000002, 0.0124770135493952
0, 0.007, 0.03200000000000002, 0.014, 0.007, 0.03200000000000002, 0.0124777619214659
0, 0.007, 0.03300000000000002, 0.014, 0.007, 0.03300000000000002, 0.0124683015915489
0, 0.007, 0.03400000000000002, 0.014, 0.007, 0.03400000000000002, 0.0124564298127
0, 0.007, 0.035000000000000024, 0.014, 0.007, 0.035000000000000024, 0.012299999879728
0, 0.007, 0.036000000000000025, 0.014, 0.007, 0.036000000000000025, 0.0123980658838798
0, 0.007, 0.037000000000000026, 0.014, 0.007, 0.037000000000000026, 0.0123692661431913
0, 0.007, 0.03800000000000003, 0.014, 0.007, 0.03800000000000003, 0.012455170569224
0, 0.007, 0.03900000000000003, 0.014, 0.007, 0.03900000000000003, 0.0124488436673732
0, 0.008, 0, 0.014, 0.008, 0, 0.0126353897826164
0, 0.008, 0.001, 0.014, 0.008, 0.001, 0.0126048652893473
0, 0.008, 0.002, 0.014, 0.008, 0.002, 0.0125634982132282
0, 0.008, 0.003, 0.014, 0.008, 0.003, 0.0124507996056933
0, 0.008, 0.004, 0.014, 0.008, 0.004, 0.0124648121091802
0, 0.008, 0.005, 0.014, 0.008, 0.005, 0.0125368228222918
0, 0.008, 0.006, 0.014, 0.008, 0.006, 0.0124936998397346
0, 0.008, 0.007, 0.014, 0.008, 0.007, 0.012299999879728
0, 0.008, 0.008, 0.014, 0.008, 0.008, 0.0124980869501635
0, 0.008, 0.009000000000000001, 0.014, 0.008, 0.009000000000000001, 0.0125999998767945
0, 0.008, 0.010000000000000002, 0.014, 0.008, 0.010000000000000002, 0.012603020769125
0, 0.008, 0.011000000000000003, 0.014, 0.008, 0.011000000000000003, 0
0, 0.008, 0.012000000000000004, 0.014, 0.008, 0.012000000000000004, 0
0, 0.008, 0.013000000000000005, 0.014, 0.008, 0.013000000000000005, 0
0, 0.008, 0.014000000000000005, 0.014, 0.008, 0.014000000000000005, 0
0, 0.008, 0.015000000000000006, 0.014, 0.008, 0.015000000000000006, 0.0123775047232383
0, 0.008, 0.016000000000000007, 0.014, 0.008, 0.016000000000000007, 0.0125724572561665
0, 0.008, 0.017000000000000008, 0.014, 0.008, 0.017000000000000008, 0.0125766455970279
0, 0.008, 0.01800000000000001, 0.014, 0.008, 0.01800000000000001, 0.0124793717117753
0, 0.008, 0.01900000000000001, 0.014, 0.008, 0.01900000000000001, 0.0124357799774346
0, 0.008, 0.02000000000000001, 0.014, 0.008, 0.02000000000000001, 0.012471832379936
0, 0.008, 0.02100000000000001, 0.014, 0.008, 0.02100000000000001, 0.0125180841771598
0, 0.008, 0.022000000000000013, 0.014, 0.008, 0.022000000000000013, 0.0124945007473386
0, 0.008, 0.023000000000000013, 0.014, 0.008, 0.023000000000000013, 0.0124816509456855
0, 0.008, 0.024000000000000014, 0.014, 0.008, 0.024000000000000014, 0.0124624060067849
0, 0.008, 0.025000000000000015, 0.014, 0.008, 0.025000000000000015, 0.000260543535675964
0, 0.008, 0.026000000000000016, 0.014, 0.008, 0.026000000000000016, 0
0, 0.008, 0.027000000000000017, 0.014, 0.008, 0.027000000000000017, 0
0, 0.008, 0.028000000000000018, 0.014, 0.008, 0.028000000000000018, 0
0, 0.008, 0.02900000000000002, 0.014, 0.008, 0.02900000000000002, 0
0, 0.008, 0.03000000000000002, 0.014, 0.008, 0.03000000000000002, 0.0122708618275493
0, 0.008, 0.03100000000000002, 0.014, 0.008, 0.03100000000000002, 0.012299999879728
0, 0.008, 0.03200000000000002, 0.014, 0.008, 0.03200000000000002, 0.0124501420174562
0, 0.008, 0.03300000000000002, 0.014, 0.008, 0.03300000000000002, 0.0124493613426487
0, 0.008, 0.03400000000000002, 0.014, 0.008, 0.03400000000000002, 0.012299999879728
0, 0.008, 0.035000000000000024, 0.014, 0.008, 0.035000000000000024, 0.012299999879728
0, 0.008, 0.036000000000000025, 0.014, 0.008, 0.036000000000000025, 0.0124073419192171
0, 0.008, 0.037000000000000026, 0.014, 0.008, 0.037000000000000026, 0.012299999879728
0, 0.008, 0.03800000000000003, 0.014, 0.008, 0.03800000000000003, 0.0124251965440292
0, 0.008, 0.03900000000000003, 0.014, 0.008, 0.03900000000000003, 0.0124252766973745
0, 0.009000000000000001, 0, 0.014, 0.009000000000000001, 0, 0.0126242461356228
0, 0.009000000000000001, 0.001, 0.014, 0.009000000000000001, 0.001, 0.0127272726028227
0, 0.009000000000000001, 0.002, 0.014, 0.009000000000000001, 0.002, 0.0125728857479932
0, 0.009000000000000001, 0.003, 0.014, 0.009000000000000001, 0.003, 0.0125734364591427
0, 0.009000000000000001, 0.004, 0.014, 0.009000000000000001, 0.004, 0.0125067847817091
0, 0.009000000000000001, 0.005, 0.014, 0.009000000000000001, 0.005, 0.0124900013059974
0, 0.009000000000000001, 0.006, 0.014, 0.009000000000000001, 0.006, 0.0125861076793214
0, 0.009000000000000001, 0.007, 0.014, 0.009000000000000001, 0.007, 0.0125174833623464
0, 0.009000000000000001, 0.008, 0.014, 0.009000000000000001, 0.008, 0.0125956992229021
0, 0.009000000000000001, 0.009000000000000001, 0.014, 0.009000000000000001, 0.009000000000000001, 0.0125999998767945
0, 0.009000000000000001, 0.010000000000000002, 0.014, 0.009000000000000001, 0.010000000000000002, 0.012603244553325
0, 0.009000000000000001, 0.011000000000000003, 0.014, 0.009000000000000001, 0.011000000000000003, 0
0, 0.009000000000000001, 0.012000000000000004, 0.014, 0.009000000000000001, 0.012000000000000004, 0
0, 0.009000000000000001, 0.013000000000000005, 0.014, 0.009000000000000001, 0.013000000000000005, 0
0, 0.009000000000000001, 0.014000000000000005, 0.014, 0.009000000000000001, 0.014000000000000005, 0
0, 0.009000000000000001, 0.015000000000000006, 0.014, 0.009000000000000001, 0.015000000000000006, 0.0124312382616262
0, 0.009000000000000001, 0.016000000000000007, 0.014, 0.009000000000000001, 0.016000000000000007, 0.0125098209886401
0, 0.009000000000000001, 0.017000000000000008, 0.014, 0.009000000000000001, 0.017000000000000008, 0.012299999879728
0, 0.009000000000000001, 0.01800000000000001, 0.014, 0.009000000000000001, 0.01800000000000001, 0.012450211665483
0, 0.009000000000000001, 0.01900000000000001, 0.014, 0.009000000000000001, 0.01900000000000001, 0.0124468142722896
0, 0.009000000000000001, 0.02000000000000001, 0.014, 0.009000000000000001, 0.02000000000000001, 0.012299999879728
0, 0.009000000000000001, 0.02100000000000001, 0.014, 0.009000000000000001, 0.02100000000000001, 0.0124602742228435
0, 0.009000000000000001, 0.022000000000000013, 0.014, 0.009000000000000001, 0.022000000000000013, 0.012299999879728
0, 0.009000000000000001, 0.023000000000000013, 0.014, 0.009000000000000001, 0.023000000000000013, 0.012299999879728
0, 0.009000000000000001, 0.024000000000000014, 0.014, 0.009000000000000001, 0.024000000000000014, 0.0125915510794127
0, 0.009000000000000001, 0.025000000000000015, 0.014, 0.009000000000000001, 0.025000000000000015, 0.000288414986482615
0, 0.009000000000000001, 0.026000000000000016, 0.014, 0.009000000000000001, 0.026000000000000016, 0
0, 0.009000000000000001, 0.027000000000000017, 0.014, 0.009000000000000001, 0.027000000000000017, 0
0, 0.009000000000000001, 0.028000000000000018, 0.014, 0.009000000000000001, 0.028000000000000018, 0
0, 0.009000000000000001, 0.02900000000000002, 0.014, 0.009000000000000001, 0.02900000000000002, 0
0, 0.009000000000000001, 0.03000000000000002, 0.014, 0.009000000000000001, 0.03000000000000002, 0.0123880773286653
0, 0.009000000000000001, 0.03100000000000002, 0.014, 0.009000000000000001, 0.03100000000000002, 0.012299999879728
0, 0.009000000000000001, 0.03200000000000002, 0.014, 0.009000000000000001, 0.03200000000000002, 0.012299999879728
0, 0.009000000000000001, 0.03300000000000002, 0.014, 0.009000000000000001, 0.03300000000000002, 0.012299999879728
0, 0.009000000000000001, 0.03400000000000002, 0.014, 0.009000000000000001, 0.03400000000000002, 0.0124363364642742
0, 0.009000000000000001, 0.035000000000000024, 0.014, 0.009000000000000001, 0.035000000000000024, 0.012299999879728
0, 0.009000000000000001, 0.036000000000000025, 0.014, 0.009000000000000001, 0.036000000000000025, 0.0124049713918537
0, 0.009000000000000001, 0.037000000000000026, 0.014, 0.009000000000000001, 0.037000000000000026, 0.012299999879728
0, 0.009000000000000001, 0.03800000000000003, 0.014, 0.009000000000000001, 0.03800000000000003, 0.012299999879728
0, 0.009000000000000001, 0.03900000000000003, 0.014, 0.009000000000000001, 0.03900000000000003, 0.0124507588003539
0, 0.010000000000000002, 0, 0.014, 0.010000000000000002, 0, 0.012641174794805
0, 0.010000000000000002, 0.001, 0.014, 0.010000000000000002, 0.001, 0.0126020405382734
0, 0.010000000000000002, 0.002, 0.014, 0.010000000000000002, 0.002, 0.0125999998767945
0, 0.010000000000000002, 0.003, 0.014, 0.010000000000000002, 0.003, 0.0125192690519213
0, 0.010000000000000002, 0.004, 0.014, 0.010000000000000002, 0.004, 0.0124811960072782
0, 0.010000000000000002, 0.005, 0.014, 0.010000000000000002, 0.005, 0.0124940281242335
0, 0.010000000000000002, 0.006, 0.014, 0.010000000000000002, 0.006, 0.0124947888344654
0, 0.010000000000000002, 0.007, 0.014, 0.010000000000000002, 0.007, 0.0124939263612244
0, 0.010000000000000002, 0.008, 0.014, 0.010000000000000002, 0.008, 0.0125004344015889
0, 0.010000000000000002, 0.009000000000000001, 0.014, 0.010000000000000002, 0.009000000000000001, 0.012477195510453
0, 0.010000000000000002, 0.010000000000000002, 0.014, 0.010000000000000002, 0.010000000000000002, 0.0125630201964445
0, 0.010000000000000002, 0.011000000000000003, 0.014, 0.010000000000000002, 0.011000000000000003, 0
0, 0.010000000000000002, 0.012000000000000004, 0.014, 0.010000000000000002, 0.012000000000000004, 0
0, 0.010000000000000002, 0.013000000000000005, 0.014, 0.010000000000000002, 0.013000000000000005, 0
0, 0.010000000000000002, 0.014000000000000005, 0.014, 0.010000000000000002, 0.014000000000000005, 0
0, 0.010000000000000002, 0.015000000000000006, 0.014, 0.010000000000000002, 0.015000000000000006, 0.0124285246472211
0, 0.010000000000000002, 0.016000000000000007, 0.014, 0.010000000000000002, 0.016000000000000007, 0.0125888074120755
0, 0.010000000000000002, 0.017000000000000008, 0.014, 0.010000000000000002, 0.017000000000000008, 0.0124510904465546
0, 0.010000000000000002, 0.01800000000000001, 0.014, 0.010000000000000002, 0.01800000000000001, 0.012473801997522
0, 0.010000000000000002, 0.01900000000000001, 0.014, 0.010000000000000002, 0.01900000000000001, 0.0124998831539976
0, 0.010000000000000002, 0.02000000000000001, 0.014, 0.010000000000000002, 0.02000000000000001, 0.0124575251016812
0, 0.010000000000000002, 0.02100000000000001, 0.014, 0.010000000000000002, 0.02100000000000001, 0.0124619151983027
0, 0.010000000000000002, 0.022000000000000013, 0.014, 0.010000000000000002, 0.022000000000000013, 0.0124577742252521
0, 0.010000000000000002, 0.023000000000000013, 0.014, 0.010000000000000002, 0.023000000000000013, 0.012523821529475
0, 0.010000000000000002, 0.024000000000000014, 0.014, 0.010000000000000002, 0.024000000000000014, 0.0125076356499259
0, 0.010000000000000002, 0.025000000000000015, 0.014, 0.010000000000000002, 0.025000000000000015, 0.00030896761313956
0, 0.010000000000000002, 0.026000000000000016, 0.014, 0.010000000000000002, 0.026000000000000016, 0
0, 0.010000000000000002, 0.027000000000000017, 0.014, 0.010000000000000002, 0.027000000000000017, 0
0, 0.010000000000000002, 0.028000000000000018, 0.014, 0.010000000000000002, 0.028000000000000018, 0
0, 0.010000000000000002, 0.02900000000000002, 0.014, 0.010000000000000002, 0.02900000000000002, 0
0, 0.010000000000000002, 0.03000000000000002, 0.014, 0.010000000000000002, 0.03000000000000002, 0.0122984204967278
0, 0.010000000000000002, 0.03100000000000002, 0.014, 0.010000000000000002, 0.03100000000000002, 0.012299999879728
0, 0.010000000000000002, 0.03200000000000002, 0.014, 0.010000000000000002, 0.03200000000000002, 0.0123832239072631
0, 0.010000000000000002, 0.03300000000000002, 0.014, 0.010000000000000002, 0.03300000000000002, 0.0124614255521111
0, 0.010000000000000002, 0.03400000000000002, 0.014, 0.010000000000000002, 0.03400000000000002, 0.0124366000628329
0, 0.010000000000000002, 0.035000000000000024, 0.014, 0.010000000000000002, 0.035000000000000024, 0.0124088933535997
0, 0.010000000000000002, 0.036000000000000025, 0.014, 0.010000000000000002, 0.036000000000000025, 0.0123332563431093
0, 0.010000000000000002, 0.037000000000000026, 0.014, 0.010000000000000002, 0.037000000000000026, 0.012299999879728
0, 0.010000000000000002, 0.03800000000000003, 0.014, 0.010000000000000002, 0.03800000000000003, 0.012299999879728
0, 0.010000000000000002, 0.03900000000000003, 0.014, 0.010000000000000002, 0.03900000000000003, 0.0125735846243672
0, 0.011000000000000003, 0, 0.014, 0.011000000000000003, 0, 0.0126311225311666
0, 0.011000000000000003, 0.001, 0.014, 0.011000000000000003, 0.001, 0.0125500635469643
0, 0.011000000000000003, 0.002, 0.014, 0.011000000000000003, 0.002, 0.0125999998767945
0, 0.011000000000000003, 0.003, 0.014, 0.011000000000000003, 0.003, 0.0125457894648223
0, 0.011000000000000003, 0.004, 0.014, 0.011000000000000003, 0.004, 0.0124913484186398
0, 0.011000000000000003, 0.005, 0.014, 0.011000000000000003, 0.005, 0.012299999879728
0, 0.011000000000000003, 0.006, 0.014, 0.011000000000000003, 0.006, 0.0125999998767945
0, 0.011000000000000003, 0.007, 0.014, 0.011000000000000003, 0.007, 0.0125148610381437
0, 0.011000000000000003, 0.008, 0.014, 0.011000000000000003, 0.008, 0.0125999998767945
0, 0.011000000000000003, 0.009000000000000001, 0.014, 0.011000000000000003, 0.009000000000000001, 0.0125999998767945
0, 0.011000000000000003, 0.010000000000000002, 0.014, 0.011000000000000003, 0.010000000000000002, 0.0125806351363016
0, 0.011000000000000003, 0.011000000000000003, 0.014, 0.011000000000000003, 0.011000000000000003, 0
0, 0.011000000000000003, 0.012000000000000004, 0.014, 0.011000000000000003, 0.012000000000000004, 0
0, 0.011000000000000003, 0.013000000000000005, 0.014, 0.011000000000000003, 0.013000000000000005, 0
0, 0.011000000000000003, 0.014000000000000005, 0.014, 0.011000000000000003, 0.014000000000000005, 0
0, 0.011000000000000003, 0.015000000000000006, 0.014, 0.011000000000000003, 0.015000000000000006, 0.0124845384948409
0, 0.011000000000000003, 0.016000000000000007, 0.014, 0.011000000000000003, 0.016000000000000007, 0.0125065870313811
0, 0.011000000000000003, 0.017000000000000008, 0.014, 0.011000000000000003, 0.017000000000000008, 0.0124675766798662
0, 0.011000000000000003, 0.01800000000000001, 0.014, 0.011000000000000003, 0.01800000000000001, 0.0125999998767945
0, 0.011000000000000003, 0.01900000000000001, 0.014, 0.011000000000000003, 0.01900000000000001, 0.0125899813970684
0, 0.011000000000000003, 0.02000000000000001, 0.014, 0.011000000000000003, 0.02000000000000001, 0.0124900088340639
0, 0.011000000000000003, 0.02100000000000001, 0.014, 0.011000000000000003, 0.02100000000000001, 0.0124677407416494
0, 0.011000000000000003, 0.022000000000000013, 0.014, 0.011000000000000003, 0.022000000000000013, 0.0124897988886257
0, 0.011000000000000003, 0.023000000000000013, 0.014, 0.011000000000000003, 0.023000000000000013, 0.0124470089917215
0, 0.011000000000000003, 0.024000000000000014, 0.014, 0.011000000000000003, 0.024000000000000014, 0.0124790498288153
0, 0.011000000000000003, 0.025000000000000015, 0.014, 0.011000000000000003, 0.025000000000000015, 0.000338831404511985
0, 0.011000000000000003, 0.026000000000000016, 0.014, 0.011000000000000003, 0.026000000000000016, 0
0, 0.011000000000000003, 0.027000000000000017, 0.014, 0.011000000000000003, 0.027000000000000017, 0
0, 0.011000000000000003, 0.028000000000000018, 0.014, 0.011000000000000003, 0.028000000000000018, 0
0, 0.011000000000000003, 0.02900000000000002, 0.014, 0.011000000000000003, 0.02900000000000002, 0
0, 0.011000000000000003, 0.03000000000000002, 0.014, 0.011000000000000003, 0.03000000000000002, 0.0123259268449495
0, 0.011000000000000003, 0.03100000000000002, 0.014, 0.011000000000000003, 0.03100000000000002, 0.012299999879728
0, 0.011000000000000003, 0.03200000000000002, 0.014, 0.011000000000000003, 0.03200000000000002, 0.0124006683597359
0, 0.011000000000000003, 0.03300000000000002, 0.014, 0.011000000000000003, 0.03300000000000002, 0.012299999879728
0, 0.011000000000000003, 0.03400000000000002, 0.014, 0.011000000000000003, 0.03400000000000002, 0.012299999879728
0, 0.011000000000000003, 0.035000000000000024, 0.014, 0.011000000000000003, 0.035000000000000024, 0.012299999879728
0, 0.011000000000000003, 0.036000000000000025, 0.014, 0.011000000000000003, 0.036000000000000025, 0.0123813488464847
0, 0.011000000000000003, 0.037000000000000026, 0.014, 0.011000000000000003, 0.037000000000000026, 0.0123698411685653
0, 0.011000000000000003, 0.03800000000000003, 0.014, 0.011000000000000003, 0.03800000000000003, 0.0124066285320924
0, 0.011000000000000003, 0.03900000000000003, 0.014, 0.011000000000000003, 0.03900000000000003, 0.0124607484195113
0, 0.012000000000000004, 0, 0.014, 0.012000000000000004, 0, 0.0126428197417477
0, 0.012000000000000004, 0.001, 0.014, 0.012000000000000004, 0.001, 0.0125999998767945
0, 0.012000000000000004, 0.002, 0.014, 0.012000000000000004, 0.002, 0.0125999998767945
0, 0.012000000000000004, 0.003, 0.014, 0.012000000000000004, 0.003, 0.0125718950293997
0, 0.012000000000000004, 0.004, 0.014, 0.012000000000000004, 0.004, 0.012299999879728
0, 0.012000000000000004, 0.005, 0.014, 0.012000000000000004, 0.005, 0.0125136161176637
0, 0.012000000000000004, 0.006, 0.014, 0.012000000000000004, 0.006, 0.0124890323490595
0, 0.012000000000000004, 0.007, 0.014, 0.012000000000000004, 0.007, 0.0125524619603606
0, 0.012000000000000004, 0.008, 0.014, 0.012000000000000004, 0.008, 0.0124560236368522
0, 0.012000000000000004, 0.009000000000000001, 0.014, 0.012000000000000004, 0.009000000000000001, 0.0125378597464054
0, 0.012000000000000004, 0.010000000000000002, 0.014, 0.012000000000000004, 0.010000000000000002, 0.0125960485154835
0, 0.012000000000000004, 0.011000000000000003, 0.014, 0.012000000000000004, 0.011000000000000003, 0
0, 0.012000000000000004, 0.012000000000000004, 0.014, 0.012000000000000004, 0.012000000000000004, 0
0, 0.012000000000000004, 0.013000000000000005, 0.014, 0.012000000000000004, 0.013000000000000005, 0
0, 0.012000000000000004, 0.014000000000000005, 0.014, 0.012000000000000004, 0.014000000000000005, 0
0, 0.012000000000000004, 0.015000000000000006, 0.014, 0.012000000000000004, 0.015000000000000006, 0.0124973966856239
0, 0.012000000000000004, 0.016000000000000007, 0.014, 0.012000000000000004, 0.016000000000000007, 0.0125008146851794
0, 0.012000000000000004, 0.017000000000000008, 0.014, 0.012000000000000004, 0.017000000000000008, 0.0125001106410826
0, 0.012000000000000004, 0.01800000000000001, 0.014, 0.012000000000000004, 0.01800000000000001, 0.0124975606828785
0, 0.012000000000000004, 0.01900000000000001, 0.014, 0.012000000000000004, 0.01900000000000001, 0.012299999879728
0, 0.012000000000000004, 0.02000000000000001, 0.014, 0.012000000000000004, 0.02000000000000001, 0.0125146462826107
0, 0.012000000000000004, 0.02100000000000001, 0.014, 0.012000000000000004, 0.02100000000000001, 0.0125164665369188
0, 0.012000000000000004, 0.022000000000000013, 0.014, 0.012000000000000004, 0.022000000000000013, 0.0124520962033998
0, 0.012000000000000004, 0.023000000000000013, 0.014, 0.012000000000000004, 0.023000000000000013, 0.0125838827512025
0, 0.012000000000000004, 0.024000000000000014, 0.014, 0.012000000000000004, 0.024000000000000014, 0.0125873936554803
0, 0.012000000000000004, 0.025000000000000015, 0.014, 0.012000000000000004, 0.025000000000000015, 0.000254649110477025
0, 0.012000000000000004, 0.026000000000000016, 0.014, 0.012000000000000004, 0.026000000000000016, 0
0, 0.012000000000000004, 0.027000000000000017, 0.014, 0.012000000000000004, 0.027000000000000017, 0
0, 0.012000000000000004, 0.028000000000000018, 0.014, 0.012000000000000004, 0.028000000000000018, 0
0, 0.012000000000000004, 0.02900000000000002, 0.014, 0.012000000000000004, 0.02900000000000002, 0
0, 0.012000000000000004, 0.03000000000000002, 0.014, 0.012000000000000004, 0.03000000000000002, 0.0123553488000089
0, 0.012000000000000004, 0.03100000000000002, 0.014, 0.012000000000000004, 0.03100000000000002, 0.012467394969148
0, 0.012000000000000004, 0.03200000000000002, 0.014, 0.012000000000000004, 0.03200000000000002, 0.0124977390140135
0, 0.012000000000000004, 0.03300000000000002, 0.014, 0.012000000000000004, 0.03300000000000002, 0.0123991224685853
0, 0.012000000000000004, 0.03400000000000002, 0.014, 0.012000000000000004, 0.03400000000000002, 0.012299999879728
0, 0.012000000000000004, 0.035000000000000024, 0.014, 0.012000000000000004, 0.035000000000000024, 0.0124534762356873
0, 0.012000000000000004, 0.036000000000000025, 0.014, 0.012000000000000004, 0.036000000000000025, 0.0123993813017527
0, 0.012000000000000004, 0.037000000000000026, 0.014, 0.012000000000000004, 0.037000000000000026, 0.0124320090061732
0, 0.012000000000000004, 0.03800000000000003, 0.014, 0.012000000000000004, 0.03800000000000003, 0.0123439157992581
0, 0.012000000000000004, 0.03900000000000003, 0.014, 0.012000000000000004, 0.03900000000000003, 0.01247985254244
0, 0.013000000000000005, 0, 0.014, 0.013000000000000005, 0, 0.0126357684747628
0, 0.013000000000000005, 0.001, 0.014, 0.013000000000000005, 0.001, 0.0125999998767945
0, 0.013000000000000005, 0.002, 0.014, 0.013000000000000005, 0.002, 0.0125258338120652
0, 0.013000000000000005, 0.003, 0.014, 0.013000000000000005, 0.003, 0.0124990376501988
0, 0.013000000000000005, 0.004, 0.014, 0.013000000000000005, 0.004, 0.0125999998767945
0, 0.013000000000000005, 0.005, 0.014, 0.013000000000000005, 0.005, 0.0124695709022493
0, 0.013000000000000005, 0.006, 0.014, 0.013000000000000005, 0.006, 0.0124581547413006
0, 0.013000000000000005, 0.007, 0.014, 0.013000000000000005, 0.007, 0.0124784650714929
0, 0.013000000000000005, 0.008, 0.014, 0.013000000000000005, 0.008, 0.0125220498589124
0, 0.013000000000000005, 0.009000000000000001, 0.014, 0.013000000000000005, 0.009000000000000001, 0.0125999998767945
0, 0.013000000000000005, 0.010000000000000002, 0.014, 0.013000000000000005, 0.010000000000000002, 0.012598751498986
0, 0.013000000000000005, 0.011000000000000003, 0.014, 0.013000000000000005, 0.011000000000000003, 0
0, 0.013000000000000005, 0.012000000000000004, 0.014, 0.013000000000000005, 0.012000000000000004, 0
0, 0.013000000000000005, 0.013000000000000005, 0.014, 0.013000000000000005, 0.013000000000000005, 0
0, 0.013000000000000005, 0.014000000000000005, 0.014, 0.013000000000000005, 0.014000000000000005, 0
0, 0.013000000000000005, 0.015000000000000006, 0.014, 0.013000000000000005, 0.015000000000000006, 0.0125073237572225
0, 0.013000000000000005, 0.016000000000000007, 0.014, 0.013000000000000005, 0.016000000000000007, 0.0124867727131563
0, 0.013000000000000005, 0.017000000000000008, 0.014, 0.013000000000000005, 0.017000000000000008, 0.0124925791412936
0, 0.013000000000000005, 0.01800000000000001, 0.014, 0.013000000000000005, 0.01800000000000001, 0.0124916541725832
0, 0.013000000000000005, 0.01900000000000001, 0.014, 0.013000000000000005, 0.01900000000000001, 0.012299999879728
0, 0.013000000000000005, 0.02000000000000001, 0.014, 0.013000000000000005, 0.02000000000000001, 0.0124534928296202
0, 0.013000000000000005, 0.02100000000000001, 0.014, 0.013000000000000005, 0.02100000000000001, 0.0124619637820482
0, 0.013000000000000005, 0.022000000000000013, 0.014, 0.013000000000000005, 0.022000000000000013, 0.0125434380079647
0, 0.013000000000000005, 0.023000000000000013, 0.014, 0.013000000000000005, 0.023000000000000013, 0.0124827884347548
0, 0.013000000000000005, 0.024000000000000014, 0.014, 0.013000000000000005, 0.024000000000000014, 0.0125107355146169
0, 0.013000000000000005, 0.025000000000000015, 0.014, 0.013000000000000005, 0.025000000000000015, 0.000305202810675057
0, 0.013000000000000005, 0.026000000000000016, 0.014, 0.013000000000000005, 0.026000000000000016, 0
0, 0.013000000000000005, 0.027000000000000017, 0.014, 0.013000000000000005, 0.027000000000000017, 0
0, 0.013000000000000005, 0.028000000000000018, 0.014, 0.013000000000000005, 0.028000000000000018, 0
0, 0.013000000000000005, 0.02900000000000002, 0.014, 0.013000000000000005, 0.02900000000000002, 0
0, 0.013000000000000005, 0.03000000000000002, 0.014, 0.013000000000000005, 0.03000000000000002, 0.0123084271479122
0, 0.013000000000000005, 0.03100000000000002, 0.014, 0.013000000000000005, 0.03100000000000002, 0.012299999879728
0, 0.013000000000000005, 0.03200000000000002, 0.014, 0.013000000000000005, 0.03200000000000002, 0.0123692183641085
0, 0.013000000000000005, 0.03300000000000002, 0.014, 0.013000000000000005, 0.03300000000000002, 0.0124252200044172
0, 0.013000000000000005, 0.03400000000000002, 0.014, 0.013000000000000005, 0.03400000000000002, 0.0123815907817355
0, 0.013000000000000005, 0.035000000000000024, 0.014, 0.013000000000000005, 0.035000000000000024, 0.0124026586303311
0, 0.013000000000000005, 0.036000000000000025, 0.014, 0.013000000000000005, 0.036000000000000025, 0.0124331423735814
0, 0.013000000000000005, 0.037000000000000026, 0.014, 0.013000000000000005, 0.037000000000000026, 0.0123676023108411
0, 0.013000000000000005, 0.03800000000000003, 0.014, 0.013000000000000005, 0.03800000000000003, 0.0124029495605994
0, 0.013000000000000005, 0.03900000000000003, 0.014, 0.013000000000000005, 0.03900000000000003, 0.0124841412873245
0, 0.014000000000000005, 0, 0.014, 0.014000000000000005, 0, 0.0126573625482227
0, 0.014000000000000005, 0.001, 0.014, 0.014000000000000005, 0.001, 0.0126141182303064
0, 0.014000000000000005, 0.002, 0.014, 0.014000000000000005, 0.002, 0.0125075121073799
0, 0.014000000000000005, 0.003, 0.014, 0.014000000000000005, 0.003, 0.0124704781147363
0, 0.014000000000000005, 0.004, 0.014, 0.014000000000000005, 0.004, 0.012473294237479
0, 0.014000000000000005, 0.005, 0.014, 0.014000000000000005, 0.005, 0.0124666303607723
0, 0.014000000000000005, 0.006, 0.014, 0.014000000000000005, 0.006, 0.012508666047331
0, 0.014000000000000005, 0.007, 0.014, 0.014000000000000005, 0.007, 0.0124511701081616
0, 0.014000000000000005, 0.008, 0.014, 0.014000000000000005, 0.008, 0.012299999879728
0, 0.014000000000000005, 0.009000000000000001, 0.014, 0.014000000000000005, 0.009000000000000001, 0.0125999998767945
0, 0.014000000000000005, 0.010000000000000002, 0.014, 0.014000000000000005, 0.010000000000000002, 0.0125175349708289
0, 0.014000000000000005, 0.011000000000000003, 0.014, 0.014000000000000005, 0.011000000000000003, 0
0, 0.014000000000000005, 0.012000000000000004, 0.014, 0.014000000000000005, 0.012000000000000004, 0
0, 0.014000000000000005, 0.013000000000000005, 0.014, 0.014000000000000005, 0.013000000000000005, 0
0, 0.014000000000000005, 0.014000000000000005, 0.014, 0.014000000000000005, 0.014000000000000005, 0
0, 0.014000000000000005, 0.015000000000000006, 0.014, 0.014000000000000005, 0.015000000000000006, 0.0123609985086618
0, 0.014000000000000005, 0.016000000000000007, 0.014, 0.014000000000000005, 0.016000000000000007, 0.012299999879728
0, 0.014000000000000005, 0.017000000000000008, 0.014, 0.014000000000000005, 0.017000000000000008, 0.012299999879728
0, 0.014000000000000005, 0.01800000000000001, 0.014, 0.014000000000000005, 0.01800000000000001, 0.0125587587320638
0, 0.014000000000000005, 0.01900000000000001, 0.014, 0.014000000000000005, 0.01900000000000001, 0.012475250122155
0, 0.014000000000000005, 0.02000000000000001, 0.014, 0.014000000000000005, 0.02000000000000001, 0.012299999879728
0, 0.014000000000000005, 0.02100000000000001, 0.014, 0.014000000000000005, 0.02100000000000001, 0.01253752393384
0, 0.014000000000000005, 0.022000000000000013, 0.014, 0.014000000000000005, 0.022000000000000013, 0.012299999879728
0, 0.014000000000000005, 0.023000000000000013, 0.014, 0.014000000000000005, 0.023000000000000013, 0.0125461209858533
0, 0.014000000000000005, 0.024000000000000014, 0.014, 0.014000000000000005, 0.024000000000000014, 0.0125999998767945
0, 0.014000000000000005, 0.025000000000000015, 0.014, 0.014000000000000005, 0.025000000000000015, 0.00031090748411896
0, 0.014000000000000005, 0.026000000000000016, 0.014, 0.014000000000000005, 0.026000000000000016, 0
0, 0.014000000000000005, 0.027000000000000017, 0.014, 0.014000000000000005, 0.027000000000000017, 0
0, 0.014000000000000005, 0.028000000000000018, 0.014, 0.014000000000000005, 0.028000000000000018, 0
0, 0.014000000000000005, 0.02900000000000002, 0.014, 0.014000000000000005, 0.02900000000000002, 0
0, 0.014000000000000005, 0.03000000000000002, 0.014, 0.014000000000000005, 0.03000000000000002, 0.0122811892709289
0, 0.014000000000000005, 0.03100000000000002, 0.014, 0.014000000000000005, 0.03100000000000002, 0.0124700253220962
0, 0.014000000000000005, 0.03200000000000002, 0.014, 0.014000000000000005, 0.03200000000000002, 0.012363990756671
0, 0.014000000000000005, 0.03300000000000002, 0.014, 0.014000000000000005, 0.03300000000000002, 0.0123508711292639
0, 0.014000000000000005, 0.03400000000000002, 0.014, 0.014000000000000005, 0.03400000000000002, 0.012299999879728
0, 0.014000000000000005, 0.035000000000000024, 0.014, 0.014000000000000005, 0.035000000000000024, 0.0123990480372859
0, 0.014000000000000005, 0.036000000000000025, 0.014, 0.014000000000000005, 0.036000000000000025, 0.0124321274257001
0, 0.014000000000000005, 0.037000000000000026, 0.014, 0.014000000000000005, 0.037000000000000026, 0.0124769033284872
0, 0.014000000000000005, 0.03800000000000003, 0.014, 0.014000000000000005, 0.03800000000000003, 0.0124515991721928
0, 0.014000000000000005, 0.03900000000000003, 0.014, 0.014000000000000005, 0.03900000000000003, 0.0125473942304602
0, 0.015000000000000006, 0, 0.014, 0.015000000000000006, 0, 0.0126108149904716
0, 0.015000000000000006, 0.001, 0.014, 0.015000000000000006, 0.001, 0.0125999998767945
0, 0.015000000000000006, 0.002, 0.014, 0.015000000000000006, 0.002, 0.0125999998767945
0, 0.015000000000000006, 0.003, 0.014, 0.015000000000000006, 0.003, 0.0124742639990796
0, 0.015000000000000006, 0.004, 0.014, 0.015000000000000006, 0.004, 0.0124892318338827
0, 0.015000000000000006, 0.005, 0.014, 0.015000000000000006, 0.005, 0.012299999879728
0, 0.015000000000000006, 0.006, 0.014, 0.015000000000000006, 0.006, 0.0124582053456435
0, 0.015000000000000006, 0.007, 0.014, 0.015000000000000006, 0.007, 0.0124946890920538
0, 0.015000000000000006, 0.008, 0.014, 0.015000000000000006, 0.008, 0.0124917689353651
0, 0.015000000000000006, 0.009000000000000001, 0.014, 0.015000000000000006, 0.009000000000000001, 0.0125469570840392
0, 0.015000000000000006, 0.010000000000000002, 0.014, 0.015000000000000006, 0.010000000000000002, 0.0125974749585014
0, 0.015000000000000006, 0.011000000000000003, 0.014, 0.015000000000000006, 0.011000000000000003, 0
0, 0.015000000000000006, 0.012000000000000004, 0.014, 0.015000000000000006, 0.012000000000000004, 0
0, 0.015000000000000006, 0.013000000000000005, 0.014, 0.015000000000000006, 0.013000000000000005, 0
0, 0.015000000000000006, 0.014000000000000005, 0.014, 0.015000000000000006, 0.014000000000000005, 0
0, 0.015000000000000006, 0.015000000000000006, 0.014, 0.015000000000000006, 0.015000000000000006, 0.0124647891023294
0, 0.015000000000000006, 0.016000000000000007, 0.014, 0.015000000000000006, 0.016000000000000007, 0.0124468273346473
0, 0.015000000000000006, 0.017000000000000008, 0.014, 0.015000000000000006, 0.017000000000000008, 0.0124462739412888
0, 0.015000000000000006, 0.01800000000000001, 0.014, 0.015000000000000006, 0.01800000000000001, 0.012456453183681
0, 0.015000000000000006, 0.01900000000000001, 0.014, 0.015000000000000006, 0.01900000000000001, 0.0124306978530126
0, 0.015000000000000006, 0.02000000000000001, 0.014, 0.015000000000000006, 0.02000000000000001, 0.012299999879728
0, 0.015000000000000006, 0.02100000000000001, 0.014, 0.015000000000000006, 0.02100000000000001, 0.0124397481447008
0, 0.015000000000000006, 0.022000000000000013, 0.014, 0.015000000000000006, 0.022000000000000013, 0.012299999879728
0, 0.015000000000000006, 0.023000000000000013, 0.014, 0.015000000000000006, 0.023000000000000013, 0.0124721471461015
0, 0.015000000000000006, 0.024000000000000014, 0.014, 0.015000000000000006, 0.024000000000000014, 0.0124978877514426
0, 0.015000000000000006, 0.025000000000000015, 0.014, 0.015000000000000006, 0.025000000000000015, 0.00030945446026092
0, 0.015000000000000006, 0.026000000000000016, 0.014, 0.015000000000000006, 0.026000000000000016, 0
0, 0.015000000000000006, 0.027000000000000017, 0.014, 0.015000000000000006, 0.027000000000000017, 0
0, 0.015000000000000006, 0.028000000000000018, 0.014, 0.015000000000000006, 0.028000000000000018, 0
0, 0.015000000000000006, 0.02900000000000002, 0.014, 0.015000000000000006, 0.02900000000000002, 0
0, 0.015000000000000006, 0.03000000000000002, 0.014, 0.015000000000000006, 0.03000000000000002, 0.0123188855724974
0, 0.015000000000000006, 0.03100000000000002, 0.014, 0.015000000000000006, 0.03100000000000002, 0.012299999879728
0, 0.015000000000000006, 0.03200000000000002, 0.014, 0.015000000000000006, 0.03200000000000002, 0.012299999879728
0, 0.015000000000000006, 0.03300000000000002, 0.014, 0.015000000000000006, 0.03300000000000002, 0.0124147057609593
0, 0.015000000000000006, 0.03400000000000002, 0.014, 0.015000000000000006, 0.03400000000000002, 0.012299999879728
0, 0.015000000000000006, 0.035000000000000024, 0.014, 0.015000000000000006, 0.035000000000000024, 0.0123704609376556
0, 0.015000000000000006, 0.036000000000000025, 0.014, 0.015000000000000006, 0.036000000000000025, 0.0124147872128093
0, 0.015000000000000006, 0.037000000000000026, 0.014, 0.015000000000000006, 0.037000000000000026, 0.0123274169416828
0, 0.015000000000000006, 0.03800000000000003, 0.014, 0.015000000000000006, 0.03800000000000003, 0.0124335859036598
0, 0.015000000000000006, 0.03900000000000003, 0.014, 0.015000000000000006, 0.03900000000000003, 0.012487737843476
0, 0.016000000000000007, 0, 0.014, 0.016000000000000007, 0, 0.0126315179602971
0, 0.016000000000000007, 0.001, 0.014, 0.016000000000000007, 0.001, 0.0125999998767945
0, 0.016000000000000007, 0.002, 0.014, 0.016000000000000007, 0.002, 0.0125699433647326
0, 0.016000000000000007, 0.003, 0.014, 0.016000000000000007, 0.003, 0.0124709920796227
0, 0.016000000000000007, 0.004, 0.014, 0.016000000000000007, 0.004, 0.0124219630069829
0, 0.016000000000000007, 0.005, 0.014, 0.016000000000000007, 0.005, 0.0125999998767945
0, 0.016000000000000007, 0.006, 0.014, 0.016000000000000007, 0.006, 0.0124974386066067
0, 0.016000000000000007, 0.007, 0.014, 0.016000000000000007, 0.007, 0.0124821264834578
0, 0.016000000000000007, 0.008, 0.014, 0.016000000000000007, 0.008, 0.0125377585913638
0, 0.016000000000000007, 0.009000000000000001, 0.014, 0.016000000000000007, 0.009000000000000001, 0.0125999998767945
0, 0.016000000000000007, 0.010000000000000002, 0.014, 0.016000000000000007, 0.010000000000000002, 0.0125780101321079
0, 0.016000000000000007, 0.011000000000000003, 0.014, 0.016000000000000007, 0.011000000000000003, 0
0, 0.016000000000000007, 0.012000000000000004, 0.014, 0.016000000000000007, 0.012000000000000004, 0
0, 0.016000000000000007, 0.013000000000000005, 0.014, 0.016000000000000007, 0.013000000000000005, 0
0, 0.016000000000000007, 0.014000000000000005, 0.014, 0.016000000000000007, 0.014000000000000005, 0
0, 0.016000000000000007, 0.015000000000000006, 0.014, 0.016000000000000007, 0.015000000000000006, 0.0123580010401798
0, 0.016000000000000007, 0.016000000000000007, 0.014, 0.016000000000000007, 0.016000000000000007, 0.0124617308232568
0, 0.016000000000000007, 0.017000000000000008, 0.014, 0.016000000000000007, 0.017000000000000008, 0.0124677418860586
0, 0.016000000000000007, 0.01800000000000001, 0.014, 0.016000000000000007, 0.01800000000000001, 0.0124927351028056
0, 0.016000000000000007, 0.01900000000000001, 0.014, 0.016000000000000007, 0.01900000000000001, 0.012469781688113
0, 0.016000000000000007, 0.02000000000000001, 0.014, 0.016000000000000007, 0.02000000000000001, 0.0124639012488891
0, 0.016000000000000007, 0.02100000000000001, 0.014, 0.016000000000000007, 0.02100000000000001, 0.012474062904931
0, 0.016000000000000007, 0.022000000000000013, 0.014, 0.016000000000000007, 0.022000000000000013, 0.0124883658201258
0, 0.016000000000000007, 0.023000000000000013, 0.014, 0.016000000000000007, 0.023000000000000013, 0.0124311246997511
0, 0.016000000000000007, 0.024000000000000014, 0.014, 0.016000000000000007, 0.024000000000000014, 0.0125113467185198
0, 0.016000000000000007, 0.025000000000000015, 0.014, 0.016000000000000007, 0.025000000000000015, 0.000292857110686256
0, 0.016000000000000007, 0.026000000000000016, 0.014, 0.016000000000000007, 0.026000000000000016, 0
0, 0.016000000000000007, 0.027000000000000017, 0.014, 0.016000000000000007, 0.027000000000000017, 0
0, 0.016000000000000007, 0.028000000000000018, 0.014, 0.016000000000000007, 0.028000000000000018, 0
0, 0.016000000000000007, 0.02900000000000002, 0.014, 0.016000000000000007, 0.02900000000000002, 0
0, 0.016000000000000007, 0.03000000000000002, 0.014, 0.016000000000000007, 0.03000000000000002, 0.0123016087223235
0, 0.016000000000000007, 0.03100000000000002, 0.014, 0.016000000000000007, 0.03100000000000002, 0.012299999879728
0, 0.016000000000000007, 0.03200000000000002, 0.014, 0.016000000000000007, 0.03200000000000002, 0.0124588513288564
0, 0.016000000000000007, 0.03300000000000002, 0.014, 0.016000000000000007, 0.03300000000000002, 0.0124255177832591
0, 0.016000000000000007, 0.03400000000000002, 0.014, 0.016000000000000007, 0.03400000000000002, 0.0124147460230199
0, 0.016000000000000007, 0.035000000000000024, 0.014, 0.016000000000000007, 0.035000000000000024, 0.012299999879728
0, 0.016000000000000007, 0.036000000000000025, 0.014, 0.016000000000000007, 0.036000000000000025, 0.0123722395417284
0, 0.016000000000000007, 0.037000000000000026, 0.014, 0.016000000000000007, 0.037000000000000026, 0.012299999879728
0, 0.016000000000000007, 0.03800000000000003, 0.014, 0.016000000000000007, 0.03800000000000003, 0.0123991371760313
0, 0.016000000000000007, 0.03900000000000003, 0.014, 0.016000000000000007, 0.03900000000000003, 0.0124551566575001
0, 0.017000000000000008, 0, 0.014, 0.017000000000000008, 0, 0.0126502403154798
0, 0.017000000000000008, 0.001, 0.014, 0.017000000000000008, 0.001, 0.0126207276279959
0, 0.017000000000000008, 0.002, 0.014, 0.017000000000000008, 0.002, 0.0124952752620062
0, 0.017000000000000008, 0.003, 0.014, 0.017000000000000008, 0.003, 0.0125902740797132
0, 0.017000000000000008, 0.004, 0.014, 0.017000000000000008, 0.004, 0.0125917557319586
0, 0.017000000000000008, 0.005, 0.014, 0.017000000000000008, 0.005, 0.0125418122495711
0, 0.017000000000000008, 0.006, 0.014, 0.017000000000000008, 0.006, 0.0125942052861396
0, 0.017000000000000008, 0.007, 0.014, 0.017000000000000008, 0.007, 0.0124734592112132
0, 0.017000000000000008, 0.008, 0.014, 0.017000000000000008, 0.008, 0.0124882874459792
0, 0.017000000000000008, 0.009000000000000001, 0.014, 0.017000000000000008, 0.009000000000000001, 0.0124830945642074
0, 0.017000000000000008, 0.010000000000000002, 0.014, 0.017000000000000008, 0.010000000000000002, 0.012545044161849
0, 0.017000000000000008, 0.011000000000000003, 0.014, 0.017000000000000008, 0.011000000000000003, 0
0, 0.017000000000000008, 0.012000000000000004, 0.014, 0.017000000000000008, 0.012000000000000004, 0
0, 0.017000000000000008, 0.013000000000000005, 0.014, 0.017000000000000008, 0.013000000000000005, 0
0, 0.017000000000000008, 0.014000000000000005, 0.014, 0.017000000000000008, 0.014000000000000005, 0
0, 0.017000000000000008, 0.015000000000000006, 0.014, 0.017000000000000008, 0.015000000000000006, 0.0124685882847217
0, 0.017000000000000008, 0.016000000000000007, 0.014, 0.017000000000000008, 0.016000000000000007, 0.0125043835788155
0, 0.017000000000000008, 0.017000000000000008, 0.014, 0.017000000000000008, 0.017000000000000008, 0.012299999879728
0, 0.017000000000000008, 0.01800000000000001, 0.014, 0.017000000000000008, 0.01800000000000001, 0.0124652171048561
0, 0.017000000000000008, 0.01900000000000001, 0.014, 0.017000000000000008, 0.01900000000000001, 0.012299999879728
0, 0.017000000000000008, 0.02000000000000001, 0.014, 0.017000000000000008, 0.02000000000000001, 0.0124891028553931
0, 0.017000000000000008, 0.02100000000000001, 0.014, 0.017000000000000008, 0.02100000000000001, 0.0124604516777901
0, 0.017000000000000008, 0.022000000000000013, 0.014, 0.017000000000000008, 0.022000000000000013, 0.0125999998767945
0, 0.017000000000000008, 0.023000000000000013, 0.014, 0.017000000000000008, 0.023000000000000013, 0.012299999879728
0, 0.017000000000000008, 0.024000000000000014, 0.014, 0.017000000000000008, 0.024000000000000014, 0.0125790419361826
0, 0.017000000000000008, 0.025000000000000015, 0.014, 0.017000000000000008, 0.025000000000000015, 0.000297391976275507
0, 0.017000000000000008, 0.026000000000000016, 0.014, 0.017000000000000008, 0.026000000000000016, 0
0, 0.017000000000000008, 0.027000000000000017, 0.014, 0.017000000000000008, 0.027000000000000017, 0
0, 0.017000000000000008, 0.028000000000000018, 0.014, 0.017000000000000008, 0.028000000000000018, 0
0, 0.017000000000000008, 0.02900000000000002, 0.014, 0.017000000000000008, 0.02900000000000002, 0
0, 0.017000000000000008, 0.03000000000000002, 0.014, 0.017000000000000008, 0.03000000000000002, 0.0122895309319429
0, 0.017000000000000008, 0.03100000000000002, 0.014, 0.017000000000000008, 0.03100000000000002, 0.012299999879728
0, 0.017000000000000008, 0.03200000000000002, 0.014, 0.017000000000000008, 0.03200000000000002, 0.012299999879728
0, 0.017000000000000008, 0.03300000000000002, 0.014, 0.017000000000000008, 0.03300000000000002, 0.0124212982214851
0, 0.017000000000000008, 0.03400000000000002, 0.014, 0.017000000000000008, 0.03400000000000002, 0.0124299901611117
0, 0.017000000000000008, 0.035000000000000024, 0.014, 0.017000000000000008, 0.035000000000000024, 0.012299999879728
0, 0.017000000000000008, 0.036000000000000025, 0.014, 0.017000000000000008, 0.036000000000000025, 0.0123728997048861
0, 0.017000000000000008, 0.037000000000000026, 0.014, 0.017000000000000008, 0.037000000000000026, 0.0123681056631206
0, 0.017000000000000008, 0.03800000000000003, 0.014, 0.017000000000000008, 0.03800000000000003, 0.0124010789880507
0, 0.017000000000000008, 0.03900000000000003, 0.014, 0.017000000000000008, 0.03900000000000003, 0.0124764209600227
0, 0.01800000000000001, 0, 0.014, 0.01800000000000001, 0, 0.0126163358885214
0, 0.01800000000000001, 0.001, 0.014, 0.01800000000000001, 0.001, 0.0126293485650802
0, 0.01800000000000001, 0.002, 0.014, 0.01800000000000001, 0.002, 0.0125357652809317
0, 0.01800000000000001, 0.003, 0.014, 0.01800000000000001, 0.003, 0.0124953689783883
0, 0.01800000000000001, 0.004, 0.014, 0.01800000000000001, 0.004, 0.0124866083831523
0, 0.01800000000000001, 0.005, 0.014, 0.01800000000000001, 0.005, 0.0124556403134249
0, 0.01800000000000001, 0.006, 0.014, 0.01800000000000001, 0.006, 0.012580429836283
0, 0.01800000000000001, 0.007, 0.014, 0.01800000000000001, 0.007, 0.0125232465711562
0, 0.01800000000000001, 0.008, 0.014, 0.01800000000000001, 0.008, 0.0124612762603588
0, 0.01800000000000001, 0.009000000000000001, 0.014, 0.01800000000000001, 0.009000000000000001, 0.0124820832104861
0, 0.01800000000000001, 0.010000000000000002, 0.014, 0.01800000000000001, 0.010000000000000002, 0.0125749526820817
0, 0.01800000000000001, 0.011000000000000003, 0.014, 0.01800000000000001, 0.011000000000000003, 0
0, 0.01800000000000001, 0.012000000000000004, 0.014, 0.01800000000000001, 0.012000000000000004, 0
0, 0.01800000000000001, 0.013000000000000005, 0.014, 0.01800000000000001, 0.013000000000000005, 0
0, 0.01800000000000001, 0.014000000000000005, 0.014, 0.01800000000000001, 0.014000000000000005, 0
0, 0.01800000000000001, 0.015000000000000006, 0.014, 0.01800000000000001, 0.015000000000000006, 0.0123779270110523
0, 0.01800000000000001, 0.016000000000000007, 0.014, 0.01800000000000001, 0.016000000000000007, 0.0125526981378028
0, 0.01800000000000001, 0.017000000000000008, 0.014, 0.01800000000000001, 0.017000000000000008, 0.0124638420793588
0, 0.01800000000000001, 0.01800000000000001, 0.014, 0.01800000000000001, 0.01800000000000001, 0.0124601026866379
0, 0.01800000000000001, 0.01900000000000001, 0.014, 0.01800000000000001, 0.01900000000000001, 0.0124870947034047
0, 0.01800000000000001, 0.02000000000000001, 0.014, 0.01800000000000001, 0.02000000000000001, 0.012504193445961
0, 0.01800000000000001, 0.02100000000000001, 0.014, 0.01800000000000001, 0.02100000000000001, 0.0124346203422597
0, 0.01800000000000001, 0.022000000000000013, 0.014, 0.01800000000000001, 0.022000000000000013, 0.0125090469388888
0, 0.01800000000000001, 0.023000000000000013, 0.014, 0.01800000000000001, 0.023000000000000013, 0.0124577078674017
0, 0.01800000000000001, 0.024000000000000014, 0.014, 0.01800000000000001, 0.024000000000000014, 0.0125006425588879
0, 0.01800000000000001, 0.025000000000000015, 0.014, 0.01800000000000001, 0.025000000000000015, 0.000318452860919935
0, 0.01800000000000001, 0.026000000000000016, 0.014, 0.01800000000000001, 0.026000000000000016, 0
0, 0.01800000000000001, 0.027000000000000017, 0.014, 0.01800000000000001, 0.027000000000000017, 0
0, 0.01800000000000001, 0.028000000000000018, 0.014, 0.01800000000000001, 0.028000000000000018, 0
0, 0.01800000000000001, 0.02900000000000002, 0.014, 0.01800000000000001, 0.02900000000000002, 0
0, 0.01800000000000001, 0.03000000000000002, 0.014, 0.01800000000000001, 0.03000000000000002, 0.0123040838111341
0, 0.01800000000000001, 0.03100000000000002, 0.014, 0.01800000000000001, 0.03100000000000002, 0.012479999545374
0, 0.01800000000000001, 0.03200000000000002, 0.014, 0.01800000000000001, 0.03200000000000002, 0.012419657800349
0, 0.01800000000000001, 0.03300000000000002, 0.014, 0.01800000000000001, 0.03300000000000002, 0.012299999879728
0, 0.01800000000000001, 0.03400000000000002, 0.014, 0.01800000000000001, 0.03400000000000002, 0.012299999879728
0, 0.01800000000000001, 0.035000000000000024, 0.014, 0.01800000000000001, 0.035000000000000024, 0.0124153457828312
0, 0.01800000000000001, 0.036000000000000025, 0.014, 0.01800000000000001, 0.036000000000000025, 0.0123335944288468
0, 0.01800000000000001, 0.037000000000000026, 0.014, 0.01800000000000001, 0.037000000000000026, 0.012381480542946
0, 0.01800000000000001, 0.03800000000000003, 0.014, 0.01800000000000001, 0.03800000000000003, 0.012414231807794
0, 0.01800000000000001, 0.03900000000000003, 0.014, 0.01800000000000001, 0.03900000000000003, 0.0124830599994742
0, 0.01900000000000001, 0, 0.014, 0.01900000000000001, 0, 0.0126321372644712
0, 0.01900000000000001, 0.001, 0.014, 0.01900000000000001, 0.001, 0.0126203949424391
0, 0.01900000000000001, 0.002, 0.014, 0.01900000000000001, 0.002, 0.0125820196351948
0, 0.01900000000000001, 0.003, 0.014, 0.01900000000000001, 0.003, 0.0125423157001983
0, 0.01900000000000001, 0.004, 0.014, 0.01900000000000001, 0.004, 0.012475939539272
0, 0.01900000000000001, 0.005, 0.014, 0.01900000000000001, 0.005, 0.0124916765243247
0, 0.01900000000000001, 0.006, 0.014, 0.01900000000000001, 0.006, 0.0125267786291222
0, 0.01900000000000001, 0.007, 0.014, 0.01900000000000001, 0.007, 0.0124833416135366
0, 0.01900000000000001, 0.008, 0.014, 0.01900000000000001, 0.008, 0.0125999998767945
0, 0.01900000000000001, 0.009000000000000001, 0.014, 0.01900000000000001, 0.009000000000000001, 0.0125516572261384
0, 0.01900000000000001, 0.010000000000000002, 0.014, 0.01900000000000001, 0.010000000000000002, 0.0125558519319441
0, 0.01900000000000001, 0.011000000000000003, 0.014, 0.01900000000000001, 0.011000000000000003, 0
0, 0.01900000000000001, 0.012000000000000004, 0.014, 0.01900000000000001, 0.012000000000000004, 0
0, 0.01900000000000001, 0.013000000000000005, 0.014, 0.01900000000000001, 0.013000000000000005, 0
0, 0.01900000000000001, 0.014000000000000005, 0.014, 0.01900000000000001, 0.014000000000000005, 0
0, 0.01900000000000001, 0.015000000000000006, 0.014, 0.01900000000000001, 0.015000000000000006, 0.0124687802876743
0, 0.01900000000000001, 0.016000000000000007, 0.014, 0.01900000000000001, 0.016000000000000007, 0.0124906822652154
0, 0.01900000000000001, 0.017000000000000008, 0.014, 0.01900000000000001, 0.017000000000000008, 0.0124948144942648
0, 0.01900000000000001, 0.01800000000000001, 0.014, 0.01900000000000001, 0.01800000000000001, 0.0125282696154548
0, 0.01900000000000001, 0.01900000000000001, 0.014, 0.01900000000000001, 0.01900000000000001, 0.012299999879728
0, 0.01900000000000001, 0.02000000000000001, 0.014, 0.01900000000000001, 0.02000000000000001, 0.0124695879789799
0, 0.01900000000000001, 0.02100000000000001, 0.014, 0.01900000000000001, 0.02100000000000001, 0.0124326055473337
0, 0.01900000000000001, 0.022000000000000013, 0.014, 0.01900000000000001, 0.022000000000000013, 0.0124921846419955
0, 0.01900000000000001, 0.023000000000000013, 0.014, 0.01900000000000001, 0.023000000000000013, 0.0124414911960935
0, 0.01900000000000001, 0.024000000000000014, 0.014, 0.01900000000000001, 0.024000000000000014, 0.0125311050501023
0, 0.01900000000000001, 0.025000000000000015, 0.014, 0.01900000000000001, 0.025000000000000015, 0.000233400724554418
0, 0.01900000000000001, 0.026000000000000016, 0.014, 0.01900000000000001, 0.026000000000000016, 0
0, 0.01900000000000001, 0.027000000000000017, 0.014, 0.01900000000000001, 0.027000000000000017, 0
0, 0.01900000000000001, 0.028000000000000018, 0.014, 0.01900000000000001, 0.028000000000000018, 0
0, 0.01900000000000001, 0.02900000000000002, 0.014, 0.01900000000000001, 0.02900000000000002, 0
0, 0.01900000000000001, 0.03000000000000002, 0.014, 0.01900000000000001, 0.03000000000000002, 0.0123030478526157
0, 0.01900000000000001, 0.03100000000000002, 0.014, 0.01900000000000001, 0.03100000000000002, 0.012299999879728
0, 0.01900000000000001, 0.03200000000000002, 0.014, 0.01900000000000001, 0.03200000000000002, 0.012299999879728
0, 0.01900000000000001, 0.03300000000000002, 0.014, 0.01900000000000001, 0.03300000000000002, 0.0124746460350465
0, 0.01900000000000001, 0.03400000000000002, 0.014, 0.01900000000000001, 0.03400000000000002, 0.0123482933342008
0, 0.01900000000000001, 0.035000000000000024, 0.014, 0.01900000000000001, 0.035000000000000024, 0.0123880617807939
0, 0.01900000000000001, 0.036000000000000025, 0.014, 0.01900000000000001, 0.036000000000000025, 0.0124554270956917
0, 0.01900000000000001, 0.037000000000000026, 0.014, 0.01900000000000001, 0.037000000000000026, 0.012299999879728
0, 0.01900000000000001, 0.03800000000000003, 0.014, 0.01900000000000001, 0.03800000000000003, 0.0124020171800514
0, 0.01900000000000001, 0.03900000000000003, 0.014, 0.01900000000000001, 0.03900000000000003, 0.0124235210574809
0, 0.02000000000000001, 0, 0.014, 0.02000000000000001, 0, 0.0126139117974444
0, 0.02000000000000001, 0.001, 0.014, 0.02000000000000001, 0.001, 0.0125108012466185
0, 0.02000000000000001, 0.002, 0.014, 0.02000000000000001, 0.002, 0.0125507903004305
0, 0.02000000000000001, 0.003, 0.014, 0.02000000000000001, 0.003, 0.0124952361196364
0, 0.02000000000000001, 0.004, 0.014, 0.02000000000000001, 0.004, 0.0124886716634761
0, 0.02000000000000001, 0.005, 0.014, 0.02000000000000001, 0.005, 0.0124692384335045
0, 0.02000000000000001, 0.006, 0.014, 0.02000000000000001, 0.006, 0.0124615307304663
0, 0.02000000000000001, 0.007, 0.014, 0.02000000000000001, 0.007, 0.0124873941094534
0, 0.02000000000000001, 0.008, 0.014, 0.02000000000000001, 0.008, 0.0125648864530751
0, 0.02000000000000001, 0.009000000000000001, 0.014, 0.02000000000000001, 0.009000000000000001, 0.0125267249849424
0, 0.02000000000000001, 0.010000000000000002, 0.014, 0.02000000000000001, 0.010000000000000002, 0.0126181633475712
0, 0.02000000000000001, 0.011000000000000003, 0.014, 0.02000000000000001, 0.011000000000000003, 0
0, 0.02000000000000001, 0.012000000000000004, 0.014, 0.02000000000000001, 0.012000000000000004, 0
0, 0.02000000000000001, 0.013000000000000005, 0.014, 0.02000000000000001, 0.013000000000000005, 0
0, 0.02000000000000001, 0.014000000000000005, 0.014, 0.02000000000000001, 0.014000000000000005, 0
0, 0.02000000000000001, 0.015000000000000006, 0.014, 0.02000000000000001, 0.015000000000000006, 0.0125231085917571
0, 0.02000000000000001, 0.016000000000000007, 0.014, 0.02000000000000001, 0.016000000000000007, 0.0124991190641823
0, 0.02000000000000001, 0.017000000000000008, 0.014, 0.02000000000000001, 0.017000000000000008, 0.012481610819839
0, 0.02000000000000001, 0.01800000000000001, 0.014, 0.02000000000000001, 0.01800000000000001, 0.012299999879728
0, 0.02000000000000001, 0.01900000000000001, 0.014, 0.02000000000000001, 0.01900000000000001, 0.0124900880128733
0, 0.02000000000000001, 0.02000000000000001, 0.014, 0.02000000000000001, 0.02000000000000001, 0.0124653434905437
0, 0.02000000000000001, 0.02100000000000001, 0.014, 0.02000000000000001, 0.02100000000000001, 0.0125134328155015
0, 0.02000000000000001, 0.022000000000000013, 0.014, 0.02000000000000001, 0.022000000000000013, 0.0124363458877684
0, 0.02000000000000001, 0.023000000000000013, 0.014, 0.02000000000000001, 0.023000000000000013, 0.012299999879728
0, 0.02000000000000001, 0.024000000000000014, 0.014, 0.02000000000000001, 0.024000000000000014, 0.0125734784088913
0, 0.02000000000000001, 0.025000000000000015, 0.014, 0.02000000000000001, 0.025000000000000015, 0.000241515829188369
0, 0.02000000000000001, 0.026000000000000016, 0.014, 0.02000000000000001, 0.026000000000000016, 0
0, 0.02000000000000001, 0.027000000000000017, 0.014, 0.02000000000000001, 0.027000000000000017, 0
0, 0.02000000000000001, 0.028000000000000018, 0.014, 0.02000000000000001, 0.028000000000000018, 0
0, 0.02000000000000001, 0.02900000000000002, 0.014, 0.02000000000000001, 0.02900000000000002, 0
0, 0.02000000000000001, 0.03000000000000002, 0.014, 0.02000000000000001, 0.03000000000000002, 0.0124164158147418
0, 0.02000000000000001, 0.03100000000000002, 0.014, 0.02000000000000001, 0.03100000000000002, 0.0124843517334418
0, 0.02000000000000001, 0.03200000000000002, 0.014, 0.02000000000000001, 0.03200000000000002, 0.012299999879728
0, 0.02000000000000001, 0.03300000000000002, 0.014, 0.02000000000000001, 0.03300000000000002, 0.0124432976996101
0, 0.02000000000000001, 0.03400000000000002, 0.014, 0.02000000000000001, 0.03400000000000002, 0.012299999879728
0, 0.02000000000000001, 0.035000000000000024, 0.014, 0.02000000000000001, 0.035000000000000024, 0.0123564415453619
0, 0.02000000000000001, 0.036000000000000025, 0.014, 0.02000000000000001, 0.036000000000000025, 0.0123979910681304
0, 0.02000000000000001, 0.037000000000000026, 0.014, 0.02000000000000001, 0.037000000000000026, 0.0123525233387085
0, 0.02000000000000001, 0.03800000000000003, 0.014, 0.02000000000000001, 0.03800000000000003, 0.0123627879513424
0, 0.02000000000000001, 0.03900000000000003, 0.014, 0.02000000000000001, 0.03900000000000003, 0.0124102190890365
0, 0.02100000000000001, 0, 0.014, 0.02100000000000001, 0, 0.0126400145904058
0, 0.02100000000000001, 0.001, 0.014, 0.02100000000000001, 0.001, 0.012597250970209
0, 0.02100000000000001, 0.002, 0.014, 0.02100000000000001, 0.002, 0.0124837861092102
0, 0.02100000000000001, 0.003, 0.014, 0.02100000000000001, 0.003, 0.0124659576269951
0, 0.02100000000000001, 0.004, 0.014, 0.02100000000000001, 0.004, 0.0125155564455275
0, 0.02100000000000001, 0.005, 0.014, 0.02100000000000001, 0.005, 0.0124949622482172
0, 0.02100000000000001, 0.006, 0.014, 0.02100000000000001, 0.006, 0.0125335219349778
0, 0.02100000000000001, 0.007, 0.014, 0.02100000000000001, 0.007, 0.0124818863721091
0, 0.02100000000000001, 0.008, 0.014, 0.02100000000000001, 0.008, 0.012299999879728
0, 0.02100000000000001, 0.009000000000000001, 0.014, 0.02100000000000001, 0.009000000000000001, 0.0125999998767945
0, 0.02100000000000001, 0.010000000000000002, 0.014, 0.02100000000000001, 0.010000000000000002, 0.0125862927938622
0, 0.02100000000000001, 0.011000000000000003, 0.014, 0.02100000000000001, 0.011000000000000003, 0
0, 0.02100000000000001, 0.012000000000000004, 0.014, 0.02100000000000001, 0.012000000000000004, 0
0, 0.02100000000000001, 0.013000000000000005, 0.014, 0.02100000000000001, 0.013000000000000005, 0
0, 0.02100000000000001, 0.014000000000000005, 0.014, 0.02100000000000001, 0.014000000000000005, 0
0, 0.02100000000000001, 0.015000000000000006, 0.014, 0.02100000000000001, 0.015000000000000006, 0.0124920730052063
0, 0.02100000000000001, 0.016000000000000007, 0.014, 0.02100000000000001, 0.016000000000000007, 0.012299999879728
0, 0.02100000000000001, 0.017000000000000008, 0.014, 0.02100000000000001, 0.017000000000000008, 0.0124196356989469
0, 0.02100000000000001, 0.01800000000000001, 0.014, 0.02100000000000001, 0.01800000000000001, 0.0124461417888519
0, 0.02100000000000001, 0.01900000000000001, 0.014, 0.02100000000000001, 0.01900000000000001, 0.0124579849038275
0, 0.02100000000000001, 0.02000000000000001, 0.014, 0.02100000000000001, 0.02000000000000001, 0.012299999879728
0, 0.02100000000000001, 0.02100000000000001, 0.014, 0.02100000000000001, 0.02100000000000001, 0.0125126192657524
0, 0.02100000000000001, 0.022000000000000013, 0.014, 0.02100000000000001, 0.022000000000000013, 0.012299999879728
0, 0.02100000000000001, 0.023000000000000013, 0.014, 0.02100000000000001, 0.023000000000000013, 0.012299999879728
0, 0.02100000000000001, 0.024000000000000014, 0.014, 0.02100000000000001, 0.024000000000000014, 0.0125281914737663
0, 0.02100000000000001, 0.025000000000000015, 0.014, 0.02100000000000001, 0.025000000000000015, 0.000277510486428661
0, 0.02100000000000001, 0.026000000000000016, 0.014, 0.02100000000000001, 0.026000000000000016, 0
0, 0.02100000000000001, 0.027000000000000017, 0.014, 0.02100000000000001, 0.027000000000000017, 0
0, 0.02100000000000001, 0.028000000000000018, 0.014, 0.02100000000000001, 0.028000000000000018, 0
0, 0.02100000000000001, 0.02900000000000002, 0.014, 0.02100000000000001, 0.02900000000000002, 0
0, 0.02100000000000001, 0.03000000000000002, 0.014, 0.02100000000000001, 0.03000000000000002, 0.0123719320366926
0, 0.02100000000000001, 0.03100000000000002, 0.014, 0.02100000000000001, 0.03100000000000002, 0.0124998956530915
0, 0.02100000000000001, 0.03200000000000002, 0.014, 0.02100000000000001, 0.03200000000000002, 0.012299999879728
0, 0.02100000000000001, 0.03300000000000002, 0.014, 0.02100000000000001, 0.03300000000000002, 0.0124231651015261
0, 0.02100000000000001, 0.03400000000000002, 0.014, 0.02100000000000001, 0.03400000000000002, 0.0124119344510917
0, 0.02100000000000001, 0.035000000000000024, 0.014, 0.02100000000000001, 0.035000000000000024, 0.0124130030342121
0, 0.02100000000000001, 0.036000000000000025, 0.014, 0.02100000000000001, 0.036000000000000025, 0.0124313384092226
0, 0.02100000000000001, 0.037000000000000026, 0.014, 0.02100000000000001, 0.037000000000000026, 0.012299999879728
0, 0.02100000000000001, 0.03800000000000003, 0.014, 0.02100000000000001, 0.03800000000000003, 0.0124070583739642
0, 0.02100000000000001, 0.03900000000000003, 0.014, 0.02100000000000001, 0.03900000000000003, 0.012372646522239
0, 0.022000000000000013, 0, 0.014, 0.022000000000000013, 0, 0.0126353557185623
0, 0.022000000000000013, 0.001, 0.014, 0.022000000000000013, 0.001, 0.0125999998767945
0, 0.022000000000000013, 0.002, 0.014, 0.022000000000000013, 0.002, 0.0125182259050828
0, 0.022000000000000013, 0.003, 0.014, 0.022000000000000013, 0.003, 0.0124980559617089
0, 0.022000000000000013, 0.004, 0.014, 0.022000000000000013, 0.004, 0.0124969791620884
0, 0.022000000000000013, 0.005, 0.014, 0.022000000000000013, 0.005, 0.0125999998767945
0, 0.022000000000000013, 0.006, 0.014, 0.022000000000000013, 0.006, 0.0124516716454797
0, 0.022000000000000013, 0.007, 0.014, 0.022000000000000013, 0.007, 0.0124599620852428
0, 0.022000000000000013, 0.008, 0.014, 0.022000000000000013, 0.008, 0.0125462829018692
0, 0.022000000000000013, 0.009000000000000001, 0.014, 0.022000000000000013, 0.009000000000000001, 0.0125195584622712
0, 0.022000000000000013, 0.010000000000000002, 0.014, 0.022000000000000013, 0.010000000000000002, 0.0125905105500696
0, 0.022000000000000013, 0.011000000000000003, 0.014, 0.022000000000000013, 0.011000000000000003, 0
0, 0.022000000000000013, 0.012000000000000004, 0.014, 0.022000000000000013, 0.012000000000000004, 0
0, 0.022000000000000013, 0.013000000000000005, 0.014, 0.022000000000000013, 0.013000000000000005, 0
0, 0.022000000000000013, 0.014000000000000005, 0.014, 0.022000000000000013, 0.014000000000000005, 0
0, 0.022000000000000013, 0.015000000000000006, 0.014, 0.022000000000000013, 0.015000000000000006, 0.012387292908898
0, 0.022000000000000013, 0.016000000000000007, 0.014, 0.022000000000000013, 0.016000000000000007, 0.0124968080550363
0, 0.022000000000000013, 0.017000000000000008, 0.014, 0.022000000000000013, 0.017000000000000008, 0.012299999879728
0, 0.022000000000000013, 0.01800000000000001, 0.014, 0.022000000000000013, 0.01800000000000001, 0.0124841852934333
0, 0.022000000000000013, 0.01900000000000001, 0.014, 0.022000000000000013, 0.01900000000000001, 0.012299999879728
0, 0.022000000000000013, 0.02000000000000001, 0.014, 0.022000000000000013, 0.02000000000000001, 0.0124305860943048
0, 0.022000000000000013, 0.02100000000000001, 0.014, 0.022000000000000013, 0.02100000000000001, 0.0124198303021498
0, 0.022000000000000013, 0.022000000000000013, 0.014, 0.022000000000000013, 0.022000000000000013, 0.0124963953345985
0, 0.022000000000000013, 0.023000000000000013, 0.014, 0.022000000000000013, 0.023000000000000013, 0.0124263858801983
0, 0.022000000000000013, 0.024000000000000014, 0.014, 0.022000000000000013, 0.024000000000000014, 0.0125200392571731
0, 0.022000000000000013, 0.025000000000000015, 0.014, 0.022000000000000013, 0.025000000000000015, 0.000305197505454487
0, 0.022000000000000013, 0.026000000000000016, 0.014, 0.022000000000000013, 0.026000000000000016, 0
0, 0.022000000000000013, 0.027000000000000017, 0.014, 0.022000000000000013, 0.027000000000000017, 0
0, 0.022000000000000013, 0.028000000000000018, 0.014, 0.022000000000000013, 0.028000000000000018, 0
0, 0.022000000000000013, 0.02900000000000002, 0.014, 0.022000000000000013, 0.02900000000000002, 0
0, 0.022000000000000013, 0.03000000000000002, 0.014, 0.022000000000000013, 0.03000000000000002, 0.0122994337548174
0, 0.022000000000000013, 0.03100000000000002, 0.014, 0.022000000000000013, 0.03100000000000002, 0.0124792884381269
0, 0.022000000000000013, 0.03200000000000002, 0.014, 0.022000000000000013, 0.03200000000000002, 0.0124007869938395
0, 0.022000000000000013, 0.03300000000000002, 0.014, 0.022000000000000013, 0.03300000000000002, 0.0123957474271335
0, 0.022000000000000013, 0.03400000000000002, 0.014, 0.022000000000000013, 0.03400000000000002, 0.0124209600217537
0, 0.022000000000000013, 0.035000000000000024, 0.014, 0.022000000000000013, 0.035000000000000024, 0.0123877954195599
0, 0.022000000000000013, 0.036000000000000025, 0.014, 0.022000000000000013, 0.036000000000000025, 0.012299999879728
0, 0.022000000000000013, 0.037000000000000026, 0.014, 0.022000000000000013, 0.037000000000000026, 0.012402980987148
0, 0.022000000000000013, 0.03800000000000003, 0.014, 0.022000000000000013, 0.03800000000000003, 0.0124397312378435
0, 0.022000000000000013, 0.03900000000000003, 0.014, 0.022000000000000013, 0.03900000000000003, 0.0124759255381411
0, 0.023000000000000013, 0, 0.014, 0.023000000000000013, 0, 0.0126451820625276
0, 0.023000000000000013, 0.001, 0.014, 0.023000000000000013, 0.001, 0.0126058465866816
0, 0.023000000000000013, 0.002, 0.014, 0.023000000000000013, 0.002, 0.0125148279575662
0, 0.023000000000000013, 0.003, 0.014, 0.023000000000000013, 0.003, 0.012595939119674
0, 0.023000000000000013, 0.004, 0.014, 0.023000000000000013, 0.004, 0.0124777120681415
0, 0.023000000000000013, 0.005, 0.014, 0.023000000000000013, 0.005, 0.0125632572793354
0, 0.023000000000000013, 0.006, 0.014, 0.023000000000000013, 0.006, 0.012599236734693
0, 0.023000000000000013, 0.007, 0.014, 0.023000000000000013, 0.007, 0.0124713267120161
0, 0.023000000000000013, 0.008, 0.014, 0.023000000000000013, 0.008, 0.0125023990481476
0, 0.023000000000000013, 0.009000000000000001, 0.014, 0.023000000000000013, 0.009000000000000001, 0.0125589144789991
0, 0.023000000000000013, 0.010000000000000002, 0.014, 0.023000000000000013, 0.010000000000000002, 0.0126078987595615
0, 0.023000000000000013, 0.011000000000000003, 0.014, 0.023000000000000013, 0.011000000000000003, 0
0, 0.023000000000000013, 0.012000000000000004, 0.014, 0.023000000000000013, 0.012000000000000004, 0
0, 0.023000000000000013, 0.013000000000000005, 0.014, 0.023000000000000013, 0.013000000000000005, 0
0, 0.023000000000000013, 0.014000000000000005, 0.014, 0.023000000000000013, 0.014000000000000005, 0
0, 0.023000000000000013, 0.015000000000000006, 0.014, 0.023000000000000013, 0.015000000000000006, 0.0125110808305954
0, 0.023000000000000013, 0.016000000000000007, 0.014, 0.023000000000000013, 0.016000000000000007, 0.0125999998767945
0, 0.023000000000000013, 0.017000000000000008, 0.014, 0.023000000000000013, 0.017000000000000008, 0.0125673791729394
0, 0.023000000000000013, 0.01800000000000001, 0.014, 0.023000000000000013, 0.01800000000000001, 0.0125046609371063
0, 0.023000000000000013, 0.01900000000000001, 0.014, 0.023000000000000013, 0.01900000000000001, 0.0125999998767945
0, 0.023000000000000013, 0.02000000000000001, 0.014, 0.023000000000000013, 0.02000000000000001, 0.0125874280771623
0, 0.023000000000000013, 0.02100000000000001, 0.014, 0.023000000000000013, 0.02100000000000001, 0.0125999998767945
0, 0.023000000000000013, 0.022000000000000013, 0.014, 0.023000000000000013, 0.022000000000000013, 0.0125071932821381
0, 0.023000000000000013, 0.023000000000000013, 0.014, 0.023000000000000013, 0.023000000000000013, 0.0124902035266737
0, 0.023000000000000013, 0.024000000000000014, 0.014, 0.023000000000000013, 0.024000000000000014, 0.0124753774019122
0, 0.023000000000000013, 0.025000000000000015, 0.014, 0.023000000000000013, 0.025000000000000015, 0.000304390102004964
0, 0.023000000000000013, 0.026000000000000016, 0.014, 0.023000000000000013, 0.026000000000000016, 0
0, 0.023000000000000013, 0.027000000000000017, 0.014, 0.023000000000000013, 0.027000000000000017, 0
0, 0.023000000000000013, 0.028000000000000018, 0.014, 0.023000000000000013, 0.028000000000000018, 0
0, 0.023000000000000013, 0.02900000000000002, 0.014, 0.023000000000000013, 0.02900000000000002, 0
0, 0.023000000000000013, 0.03000000000000002, 0.014, 0.023000000000000013, 0.03000000000000002, 0.0123953201520363
0, 0.023000000000000013, 0.03100000000000002, 0.014, 0.023000000000000013, 0.03100000000000002, 0.0125041502445149
0, 0.023000000000000013, 0.03200000000000002, 0.014, 0.023000000000000013, 0.03200000000000002, 0.0125142695216548
0, 0.023000000000000013, 0.03300000000000002, 0.014, 0.023000000000000013, 0.03300000000000002, 0.0124807276041819
0, 0.023000000000000013, 0.03400000000000002, 0.014, 0.023000000000000013, 0.03400000000000002, 0.0124796110721054
0, 0.023000000000000013, 0.035000000000000024, 0.014, 0.023000000000000013, 0.035000000000000024, 0.0124751629324814
0, 0.023000000000000013, 0.036000000000000025, 0.014, 0.023000000000000013, 0.036000000000000025, 0.0124453857188415
0, 0.023000000000000013, 0.037000000000000026, 0.014, 0.023000000000000013, 0.037000000000000026, 0.012466467657975
0, 0.023000000000000013, 0.03800000000000003, 0.014, 0.023000000000000013, 0.03800000000000003, 0.0124355619138438
0, 0.023000000000000013, 0.03900000000000003, 0.014, 0.023000000000000013, 0.03900000000000003, 0.0124454527383034
0, 0.024000000000000014, 0, 0.014, 0.024000000000000014, 0, 4.91895511257889e-05
0, 0.024000000000000014, 0.001, 0.014, 0.024000000000000014, 0.001, 0.000117310484841768
0, 0.024000000000000014, 0.002, 0.014, 0.024000000000000014, 0.002, 9.8237853281734e-05
0, 0.024000000000000014, 0.003, 0.014, 0.024000000000000014, 0.003, 0.000170747636079111
0, 0.024000000000000014, 0.004, 0.014, 0.024000000000000014, 0.004, 0.000175681479047491
0, 0.024000000000000014, 0.005, 0.014, 0.024000000000000014, 0.005, 9.1722311672737e-05
0, 0.024000000000000014, 0.006, 0.014, 0.024000000000000014, 0.006, 8.25041584053691e-05
0, 0.024000000000000014, 0.007, 0.014, 0.024000000000000014, 0.007, 8.85029098678217e-05
0, 0.024000000000000014, 0.008, 0.014, 0.024000000000000014, 0.008, 9.03656593069675e-05
0, 0.024000000000000014, 0.009000000000000001, 0.014, 0.024000000000000014, 0.009000000000000001, 0.00015605394538636
0, 0.024000000000000014, 0.010000000000000002, 0.014, 0.024000000000000014, 0.010000000000000002, 7.79999992372989e-05
0, 0.024000000000000014, 0.011000000000000003, 0.014, 0.024000000000000014, 0.011000000000000003, 0
0, 0.024000000000000014, 0.012000000000000004, 0.014, 0.024000000000000014, 0.012000000000000004, 0
0, 0.024000000000000014, 0.013000000000000005, 0.014, 0.024000000000000014, 0.013000000000000005, 0
0, 0.024000000000000014, 0.014000000000000005, 0.014, 0.024000000000000014, 0.014000000000000005, 0
0, 0.024000000000000014, 0.015000000000000006, 0.014, 0.024000000000000014, 0.015000000000000006, 2.99999997066529e-05
0, 0.024000000000000014, 0.016000000000000007, 0.014, 0.024000000000000014, 0.016000000000000007, 0.000137060307116216
0, 0.024000000000000014, 0.017000000000000008, 0.014, 0.024000000000000014, 0.017000000000000008, 0.000143028114827637
0, 0.024000000000000014, 0.01800000000000001, 0.014, 0.024000000000000014, 0.01800000000000001, 8.04243377927714e-05
0, 0.024000000000000014, 0.01900000000000001, 0.014, 0.024000000000000014, 0.01900000000000001, 8.61702374138634e-05
0, 0.024000000000000014, 0.02000000000000001, 0.014, 0.024000000000000014, 0.02000000000000001, 8.29933217993286e-05
0, 0.024000000000000014, 0.02100000000000001, 0.014, 0.024000000000000014, 0.02100000000000001, 9.67535367087999e-05
0, 0.024000000000000014, 0.022000000000000013, 0.014, 0.024000000000000014, 0.022000000000000013, 7.70486883735698e-05
0, 0.024000000000000014, 0.023000000000000013, 0.014, 0.024000000000000014, 0.023000000000000013, 0.000140054481277869
0, 0.024000000000000014, 0.024000000000000014, 0.014, 0.024000000000000014, 0.024000000000000014, 8.85848245303372e-05
0, 0.024000000000000014, 0.025000000000000015, 0.014, 0.024000000000000014, 0.025000000000000015, 6.59999993546374e-05
0, 0.024000000000000014, 0.026000000000000016, 0.014, 0.024000000000000014, 0.026000000000000016, 0
0, 0.024000000000000014, 0.027000000000000017, 0.014, 0.024000000000000014, 0.027000000000000017, 0
0, 0.024000000000000014, 0.028000000000000018, 0.014, 0.024000000000000014, 0.028000000000000018, 0
0, 0.024000000000000014, 0.02900000000000002, 0.014, 0.024000000000000014, 0.02900000000000002, 0
0, 0.024000000000000014, 0.03000000000000002, 0.014, 0.024000000000000014, 0.03000000000000002, 5.39999994719759e-05
0, 0.024000000000000014, 0.03100000000000002, 0.014, 0.024000000000000014, 0.03100000000000002, 9.24065431857472e-05
0, 0.024000000000000014, 0.03200000000000002, 0.014, 0.024000000000000014, 0.03200000000000002, 0.000105865966238532
0, 0.024000000000000014, 0.03300000000000002, 0.014, 0.024000000000000014, 0.03300000000000002, 9.78666355577027e-05
0, 0.024000000000000014, 0.03400000000000002, 0.014, 0.024000000000000014, 0.03400000000000002, 8.84395471508136e-05
0, 0.024000000000000014, 0.035000000000000024, 0.014, 0.024000000000000014, 0.035000000000000024, 9.85840459959002e-05
0, 0.024000000000000014, 0.036000000000000025, 0.014, 0.024000000000000014, 0.036000000000000025, 9.95886941946947e-05
0, 0.024000000000000014, 0.037000000000000026, 0.014, 0.024000000000000014, 0.037000000000000026, 0.000103064798300988
0, 0.024000000000000014, 0.03800000000000003, 0.014, 0.024000000000000014, 0.03800000000000003, 8.84127697644109e-05
0, 0.024000000000000014, 0.03900000000000003, 0.014, 0.024000000000000014, 0.03900000000000003, 0.000103831045059348
0, 0.025000000000000015, 0, 0.014, 0.025000000000000015, 0, 0
0, 0.025000000000000015, 0.001, 0.014, 0.025000000000000015, 0.001, 0
0, 0.025000000000000015, 0.002, 0.014, 0.025000000000000015, 0.002, 0
0, 0.025000000000000015, 0.003, 0.014, 0.025000000000000015, 0.003, 0
0, 0.025000000000000015, 0.004, 0.014, 0.025000000000000015, 0.004, 0
0, 0.025000000000000015, 0.005, 0.014, 0.025000000000000015, 0.005, 0
0, 0.025000000000000015, 0.006, 0.014, 0.025000000000000015, 0.006, 0
0, 0.025000000000000015, 0.007, 0.014, 0.025000000000000015, 0.007, 0
0, 0.025000000000000015, 0.008, 0.014, 0.025000000000000015, 0.008, 0
0, 0.025000000000000015, 0.009000000000000001, 0.014, 0.025000000000000015, 0.009000000000000001, 0
0, 0.025000000000000015, 0.010000000000000002, 0.014, 0.025000000000000015, 0.010000000000000002, 0
0, 0.025000000000000015, 0.011000000000000003, 0.014, 0.025000000000000015, 0.011000000000000003, 0
0, 0.025000000000000015, 0.012000000000000004, 0.014, 0.025000000000000015, 0.012000000000000004, 0
0, 0.025000000000000015, 0.013000000000000005, 0.014, 0.025000000000000015, 0.013000000000000005, 0
0, 0.025000000000000015, 0.014000000000000005, 0.014, 0.025000000000000015, 0.014000000000000005, 0
0, 0.025000000000000015, 0.015000000000000006, 0.014, 0.025000000000000015, 0.015000000000000006, 0
0, 0.025000000000000015, 0.016000000000000007, 0.014, 0.025000000000000015, 0.016000000000000007, 0
0, 0.025000000000000015, 0.017000000000000008, 0.014, 0.025000000000000015, 0.017000000000000008, 0
0, 0.025000000000000015, 0.01800000000000001, 0.014, 0.025000000000000015, 0.01800000000000001, 0
0, 0.025000000000000015, 0.01900000000000001, 0.014, 0.025000000000000015, 0.01900000000000001, 0
0, 0.025000000000000015, 0.02000000000000001, 0.014, 0.025000000000000015, 0.02000000000000001, 0
0, 0.025000000000000015, 0.02100000000000001, 0.014, 0.025000000000000015, 0.02100000000000001, 0
0, 0.025000000000000015, 0.022000000000000013, 0.014, 0.025000000000000015, 0.022000000000000013, 0
0, 0.025000000000000015, 0.023000000000000013, 0.014, 0.025000000000000015, 0.023000000000000013, 0
0, 0.025000000000000015, 0.024000000000000014, 0.014, 0.025000000000000015, 0.024000000000000014, 0
0, 0.025000000000000015, 0.025000000000000015, 0.014, 0.025000000000000015, 0.025000000000000015, 0
0, 0.025000000000000015, 0.026000000000000016, 0.014, 0.025000000000000015, 0.026000000000000016, 0
0, 0.025000000000000015, 0.027000000000000017, 0.014, 0.025000000000000015, 0.027000000000000017, 0
0, 0.025000000000000015, 0.028000000000000018, 0.014, 0.025000000000000015, 0.028000000000000018, 0
0, 0.025000000000000015, 0.02900000000000002, 0.014, 0.025000000000000015, 0.02900000000000002, 0
0, 0.025000000000000015, 0.03000000000000002, 0.014, 0.025000000000000015, 0.03000000000000002, 0
0, 0.025000000000000015, 0.03100000000000002, 0.014, 0.025000000000000015, 0.03100000000000002, 0
0, 0.025000000000000015, 0.03200000000000002, 0.014, 0.025000000000000015, 0.03200000000000002, 0
0, 0.025000000000000015, 0.03300000000000002, 0.014, 0.025000000000000015, 0.03300000000000002, 0
0, 0.025000000000000015, 0.03400000000000002, 0.014, 0.025000000000000015, 0.03400000000000002, 0
0, 0.025000000000000015, 0.035000000000000024, 0.014, 0.025000000000000015, 0.035000000000000024, 0
0, 0.025000000000000015, 0.036000000000000025, 0.014, 0.025000000000000015, 0.036000000000000025, 0
0, 0.025000000000000015, 0.037000000000000026, 0.014, 0.025000000000000015, 0.037000000000000026, 0
0, 0.025000000000000015, 0.03800000000000003, 0.014, 0.025000000000000015, 0.03800000000000003, 0
0, 0.025000000000000015, 0.03900000000000003, 0.014, 0.025000000000000015, 0.03900000000000003, 0
